1B69,633.89,-3545.83,47,16,5979.8,5236.6,6.82,1B69,-173.27,1B69,-0.16,-0.39,-4.39,-1.65
1BDH,327.1,-907.35,10,8,16947.7,4009.1,6.05,1BDH,-117.521,1BDH,0.15,0.31,-2.64,-0.72
1BDI,288.99,-901.98,9.5,12,17244.8,4041.5,8.6,1BDI,-116.378,1BDI,0.14,0.43,-2.67,-0.7
1BDV,208.01,-803.09,2.5,7,4268,8411.2,7.77,1BDV,-67.019,1BDV,-10.18,-9.65,-17.3,-12.37
1BSU,550.81,-1827.71,21.5,18,12112.4,3952.9,6.64,1BSU,-191.893,1BSU,3.08,3.82,1.04,2.65
1BY4,348.45,-1481.65,16,4,5553.1,11036.3,6.46,1BY4,-117.056,1BY4,-14.35,-13.63,-24.22,-17.4
1F6U,1009.53,-2839.92,32.5,16,5507.8,3741,6.96,1F6U,-208.857,1F6U,2.22,-0.25,-0.93,0.34
1H88,258.72,-1221.72,10,12,7437,9616.1,8.79,1H88,-103.797,1H88,-11.7,-11.75,-20.17,-14.54
1H89,250.04,-1188.95,9.5,15,6645.2,9626.1,8.79,1H89,-127.373,1H89,-18.04,-21.64,-29.54,-23.07
1H8A,273.65,-1221.22,11.5,12,7075.3,9677.8,7.6,1H8A,-136.903,1H8A,-11.42,-11.42,-19.81,-14.22
1H9D,346.76,-1315.59,16,21,7496.3,7802.2,11,1H9D,-134.765,1H9D,-6.12,-6.08,-12.28,-8.16
1H9T,797.35,-1911.99,30.5,17,13181.3,7161.4,9.7,1H9T,-251.215,1H9T,-4.19,-4.19,-10.14,-6.17
1I8M,204.52,-270.18,6,3,11260.1,2065.4,5.57,1I8M,-44.467,1I8M,2.54,3.37,1.83,2.58
1IMH,412.15,-1938.36,16,14,15392.5,5791.4,7.52,1IMH,-116.301,1IMH,-2.92,-2.66,-7.48,-4.36
1IO4,249.75,-1117.34,10.5,7,6392,9600.8,8.12,1IO4,-91.377,1IO4,-12.04,-11.67,-20.58,-14.76
1J5K,764.63,-1713.5,31,9,5379,1501.4,5.52,1J5K,-131.109,1J5K,5.43,5.61,4.57,5.21
1J75,286.1,-553.8,12,3,3651,1790.8,7.46,1J75,-87.744,1J75,2.98,3.4,1.8,2.72
1JBR,249.11,-1184.86,2,6,8383.8,10883.2,6,1JBR,-49.536,1JBR,-15.98,-25.17,-26.34,-22.49
1JE8,411.04,-1530.6,12.5,15,4414,15121.3,9.82,1JE8,-188.487,1JE8,-20.36,-19.2,-33.45,-24.34
1JFS,259.54,-900.34,11,8,17211.7,4000.1,9.15,1JFS,-114.317,1JFS,0.21,0.32,-2.52,-0.66
1JFT,303.59,-922.22,11.5,10,17337,4020.2,9.15,1JFT,-119.088,1JFT,0.27,0.32,-2.51,-0.64
1JH9,364.37,-977.6,13.5,11,16737.8,3978.7,8.7,1JH9,-115.696,1JH9,0.39,0.41,-2.45,-0.55
1JJ4,365.27,-1247.6,9,13,4698.1,6051.4,8.8,1JJ4,-140.865,1JJ4,-3.94,-3.51,-9.05,-5.5
1JK1,684.54,-2355.09,28.5,23,6870.7,4368.9,10.59,1JK1,-207.764,1JK1,2.81,1.98,0.07,1.62
1JK2,776.2,-2687.03,28.5,25,6825.4,4448.5,10.37,1JK2,-227.707,1JK2,3.15,3.86,0.39,2.47
1JKO,820.5,-1486.75,33,14,3246.3,5676.6,8.12,1JKO,-239.704,1JKO,-0.82,-0.51,-5.26,-2.2
1JKP,832.8,-1610.03,34,17,3630.5,5706.8,8.69,1JKP,-231.063,1JKP,-1.05,-0.31,-5.52,-2.29
1JKQ,737.89,-1413.72,22,13,3295,5741.1,7.57,1JKQ,-188.758,1JKQ,-1.67,-1.34,-6.2,-3.07
1JKR,762.91,-1474.36,31.5,15,3426.2,5787.9,7.01,1JKR,-234.388,1JKR,-1.35,-0.96,-5.95,-2.75
1JT0,547.99,-1593.06,20,16,10588.9,10446,7.31,1JT0,-177.446,1JT0,-11.76,-11.11,-21.08,-14.65
1KFV,730.6,-2120.34,24,12,12874.3,10261.4,8.22,1KFV,-233.568,1KFV,-8.55,-7.53,-16.41,-10.83
1KQ2,354.95,-467.17,6,5,4246.3,2220,7.52,1KQ2,-92.642,1KQ2,3.02,2.48,1.86,2.45
1L1C,607.72,-2280.55,38,17,4209.8,5692.5,8,1L1C,-144.118,1L1C,-2.9,-6.99,-7.86,-5.92
1M18,983.68,-2965.5,51.5,20,8588.4,53232.9,6.22,1M18,-363.457,1M18,-130.9,-147.59,-198.33,-158.94
1M19,956.56,-3038.6,47,24,8988.6,53146.1,6.22,1M19,-360.942,1M19,-130.61,-147.22,-197.97,-158.6
1M1A,998.48,-3008.98,49.5,16,8828.8,52879.2,6.22,1M1A,-358.454,1M1A,-130.8,-147.5,-198.26,-158.85
1MHD,205.05,-1238.84,7,9,7181.5,5176.3,6.94,1MHD,-81.763,1MHD,-3.23,-3.19,-7.24,-4.55
1N32,572.71,-3556.05,20,8,12237.9,214697.6,3.82,1N32,-142.884,1N32,-13.86,-22.6,-23.63,-20.03
1N33,461.38,-3387.81,14,5,13006.1,217227.5,4.07,1N33,-120.299,1N33,-12.57,-20.49,-22.06,-18.38
1N34,552.52,-3654.53,24.5,16,12497.8,216098.2,3.66,1N34,-143.737,1N34,-12.79,-20.3,-22.61,-18.56
1N36,474.75,-3547.42,18.5,10,12660.6,214970.7,3.82,1N36,-115.309,1N36,-12.56,-20.43,-22.15,-18.38
1NG9,1284.71,-2853.34,49.5,17,38511,6776.8,5.02,1NG9,-348.337,1NG9,-1.06,-0.47,-7.04,-2.86
1NKP,364.17,-1374.81,11.5,8,8225.9,14644.4,7.05,1NKP,-103.071,1NKP,-19.82,-19.61,-32.23,-23.89
1NNJ,823.85,-2229.24,27.5,16,13173.5,5570.2,8.22,1NNJ,-236.504,1NNJ,-0.18,0.63,-4.36,-1.3
1NYB,389.15,-1359.9,33.5,14,2709.3,4766.1,7.09,1NYB,-124.698,1NYB,-2.1,-5.34,-6.15,-4.53
1O3S,242.02,-1468.12,14.5,14,11888.5,5184,10.85,1O3S,-130.853,1O3S,-2,-2.05,-5.99,-3.35
1OUZ,1027.52,-2684.44,48.5,25,8318.8,13212.5,7.82,1OUZ,-323.723,1OUZ,-13.72,-12.26,-25.45,-17.15
1OWF,1020.48,-2661.46,44.5,20,8502.8,13103,8.34,1OWF,-330.465,1OWF,-13.74,-12.26,-25.46,-17.15
1OWG,1084.52,-2684.05,46,23,8451.6,13090.5,6.7,1OWG,-320.166,1OWG,-13.68,-12.2,-25.38,-17.09
1OWR,622.65,-2663.33,32,20,16481.8,23068.9,8.57,1OWR,-179.417,1OWR,-32.55,-30.31,-51.98,-38.28
1P7H,633.99,-2459.03,32,20,16567.5,11343.1,7.7,1P7H,-229.738,1P7H,-11.2,-10.36,-20.68,-14.08
1PO6,1046.46,-1412.12,22.5,15,11002.1,3028.1,6.8,1PO6,-219.973,1PO6,5.29,5.34,3.95,4.86
1PP8,485.74,-1851.2,29.5,14,7127.2,17641.1,6.72,1PP8,-201.896,1PP8,-24.43,-22.65,-39.87,-28.98
1Q9Y,1308.96,-3582.29,47.5,17,42573,6252.4,4.7,1Q9Y,-425.685,1Q9Y,1.49,1.56,-3.42,-0.12
1QFQ,778.31,-2443.98,39.5,14,3757.8,3073.1,7.7,1QFQ,-99.47,1QFQ,2.44,-0.02,-0.06,0.79
1QP0,336.35,-918.74,10.5,8,17205,4053.7,8,1QP0,-128.424,1QP0,0.31,0.38,-2.49,-0.6
1QP4,317.51,-914.65,11,8,17083.5,4052.3,8,1QP4,-127.843,1QP4,0.25,0.43,-2.54,-0.62
1QP7,300.96,-886.94,11,9,17028.5,4056.5,6.11,1QP7,-113.824,1QP7,0.11,0.23,-2.63,-0.76
1QP9,590.22,-1597.62,23,23,6777.7,14458.1,7.42,1QP9,-179.667,1QP9,-19.16,-17.82,-31.97,-22.98
1QPZ,318.89,-927.28,11,9,17264.2,4035.2,8.59,1QPZ,-126.919,1QPZ,0.32,0.52,-2.45,-0.54
1QQA,330.15,-900.74,12,7,17065.7,4041.1,6.4,1QQA,-117.296,1QQA,0.11,0.31,-2.67,-0.75
1QQB,292.87,-896.08,10.5,8,16891.7,4056,5.7,1QQB,-113.791,1QQB,0.16,0.38,-2.61,-0.69
1QZG,741.59,-1196.79,14,11,9035.5,2439.8,6.32,1QZG,-170.479,1QZG,4.81,5.39,3.3,4.5
1R8D,654.6,-1714.5,25.5,15,7987,10223.5,8.62,1R8D,-229.963,1R8D,-10.03,-9.13,-18.55,-12.57
1R8E,258.81,-766.68,10.5,9,17230.7,5377.7,8.62,1R8E,-103.197,1R8E,-2.59,-2.5,-6.39,-3.82
1RKJ,1286.17,-3778.37,48,18,12051.2,4963.6,5.96,1RKJ,-77.722,1RKJ,2.1,-0.38,-1.59,0.04
1S03,806.03,-2122.75,23.5,9,7574.7,17321.6,6.7,1S03,-238.877,1S03,-3.31,-7.12,-9.1,-6.51
1SI2,665.18,-1256.7,22.5,13,7893.2,2252.7,9.05,1SI2,-196.77,1SI2,5.19,4.49,3.83,4.5
1SI3,646.51,-1241.09,22.5,17,7873,2176.3,8.66,1SI3,-167.668,1SI3,4.93,4.07,3.65,4.22
1T9I,1162.67,-3348.2,37.5,30,8742.9,8927.4,9.22,1T9I,-387.513,1T9I,-3.39,-3.28,-10.71,-5.79
1T9J,1318.7,-3444.55,40.5,33,8664.7,8845.1,9.22,1T9J,-431.319,1T9J,-2.82,-2.53,-10.18,-5.18
1U0C,1150.54,-3307.27,33.5,28,8770,8872.1,8.7,1U0C,-355.738,1U0C,-3.99,-4.13,-11.28,-6.47
1U1K,1115.16,-1454.38,21,15,10930.9,3151.8,6.97,1U1K,-216.835,1U1K,5.49,5.61,4.15,5.08
1U1L,1150.42,-1457.17,20,17,10948.8,3148.5,6.97,1U1L,-226.245,1U1L,5.44,5.42,4.13,5
1U1M,1127.11,-1464.91,21,16,10953.6,3281.9,6.53,1U1M,-217.032,1U1M,5.39,5.43,4.05,4.96
1U1N,1109.01,-1464.61,20.5,16,10946.8,3280.3,6.5,1U1N,-228.597,1U1N,5.52,5.66,4.22,5.13
1U1O,1109.53,-1466.45,21.5,20,10943.4,3327.1,7.23,1U1O,-216.882,1U1O,5.4,5.46,4.05,4.97
1U1P,1126.52,-1474.32,21,16,11065.9,3283.3,6.68,1U1P,-223.692,1U1P,5.52,5.6,4.18,5.1
1U1Q,1123.54,-1475.2,23.5,17,10795.3,3264.9,7.12,1U1Q,-226.61,1U1Q,5.51,5.48,4.15,5.04
1U1R,1092.05,-1459.71,21.5,17,10825.9,3319.2,6.64,1U1R,-222.675,1U1R,5.38,5.44,4.05,4.96
1U6P,955.23,-2311.94,26.5,14,6907.5,19209.6,7.12,1U6P,-179.053,1U6P,-41.18,-63.82,-64.24,-56.41
1UTF,369.82,-510.4,3,8,4907,9105.8,9.04,1UTF,-75.034,1UTF,-3.63,-8.27,-7.89,-6.6
1UTV,373.97,-537.8,2.5,8,4944.7,8615.4,9.04,1UTV,-77.214,1UTV,-3.08,-7.19,-7.07,-5.78
1VFC,434.55,-3290.19,45.5,10,6136.4,5101.9,6.12,1VFC,-169.855,1VFC,-0.97,-0.7,-5.12,-2.26
1WB9,1227.31,-2866.75,52,21,37653.9,6793.1,7.74,1WB9,-383.081,1WB9,-0.91,-0.17,-6.83,-2.64
1WBB,1185.25,-2854.97,51,19,37730.2,6782.6,7.7,1WBB,-367.414,1WBB,-1.11,-0.54,-7.09,-2.92
1WET,290.46,-917.78,11,7,17235.6,3997.6,5.82,1WET,-121.19,1WET,0.17,0.19,-2.64,-0.76
1WSU,259.15,-1142.66,9.5,12,7354.5,12099.4,9.7,1WSU,-122.711,1WSU,-15.95,-24.44,-26.51,-22.3
1WWD,845.03,-1678.71,22,11,6996.7,1787.3,6.77,1WWD,-139.668,1WWD,4.97,4.25,3.96,4.39
1WWE,769.79,-1818.35,21,12,6792.6,2101.5,6.77,1WWE,-147.594,1WWE,4.98,4.32,3.92,4.4
1WWF,959.9,-2143.97,29.5,15,7213.8,2068.4,7.03,1WWF,-209.027,1WWF,5.95,5.51,4.83,5.43
1WWG,919.17,-1562.47,19.5,14,6780,2084.1,7.02,1WWG,-167.505,1WWG,5.25,4.82,4.37,4.81
1XJV,1982.73,-2304.36,31.5,26,15026,2644.2,8.04,1XJV,-291.589,1XJV,8.4,8.35,6.68,7.81
1YFH,637.31,-1547.14,20.5,9,8727.4,11915.5,6.1,1YFH,-161.771,1YFH,-14.12,-13,-24.37,-17.17
1YVP,1495.75,-3443.42,36,37,23683.7,11521.2,8.28,1YVP,-436.453,1YVP,-0.25,-5.67,-6.66,-4.2
1Z63,137.29,-1853.69,8,6,22274.4,15019.3,7,1Z63,-70.968,1Z63,-21.78,-19.52,-34.92,-25.41
1ZG1,403.26,-1515.51,12.5,10,4416.5,15274.6,6.42,1ZG1,-164.47,1ZG1,-20.52,-19.46,-33.66,-24.55
1ZG5,444.58,-1535.68,13.5,13,4481.4,15164.5,6.42,1ZG5,-189.752,1ZG5,-20.39,-19.52,-33.61,-24.5
1ZH5,824.26,-1670.63,15,10,12355.3,4188,8.15,1ZH5,-220.475,1ZH5,2.34,0.82,-0.43,0.91
1ZZI,720.81,-1075,16.5,8,5621.7,2767.2,5.66,1ZZI,-173.837,1ZZI,3.96,4.39,2.3,3.55
2A66,1035.34,-2442.48,48,27,6569.4,4634.3,6.91,2A66,-352.461,2A66,3.41,3.37,-0.16,2.21
2A9X,756.86,-2361.33,33,14,1788.3,5136.3,6.82,2A9X,-111.266,2A9X,-2.3,-6.42,-7.09,-5.27
2AC0,375.74,-1738.1,20,17,10062.4,8910.6,7.85,2AC0,-163.984,2AC0,-9.16,-9.01,-16.73,-11.63
2ADY,197.87,-1141.23,10.5,11,9972.5,4735.2,7.85,2ADY,-93.239,2ADY,-2.17,-2.01,-5.82,-3.33
2AHI,356.49,-1672.45,17.5,12,10394,8485.9,7.7,2AHI,-135.981,2AHI,-8.33,-8.11,-15.29,-10.57
2AOQ,1519.21,-3571.07,47.5,28,12344.2,4701.1,6.05,2AOQ,-482.557,2AOQ,6.1,5.14,2.97,4.74
2AOR,1416.36,-3357.39,46,20,12317.8,8441.1,6.05,2AOR,-425.851,2AOR,-1.48,-1.4,-7.61,-3.49
2ATA,245.71,-1536.84,12,11,10261.5,8127,7.08,2ATA,-116.242,2ATA,-8.4,-7.98,-15.16,-10.52
2AYB,314.15,-1278.08,13.5,10,6071.6,5993.3,8.7,2AYB,-95.4,2AYB,-4.53,-4.41,-9.79,-6.25
2AYG,364.23,-1393.98,13,14,5900.4,6657.7,8.7,2AYG,-134.887,2AYG,-5.39,-4.98,-11.22,-7.19
2B0D,614.03,-2343.92,23.5,19,12348.8,4339.2,7.76,2B0D,-225.364,2B0D,2.02,2.13,-1.21,0.98
2B0E,659.03,-2377.34,23,20,12073.5,4324.8,7.76,2B0E,-230.384,2B0E,2.22,2.21,-1.08,1.12
2B63,380.95,-2030.34,17,10,78420.7,6070.4,7.48,2B63,-98.119,2B63,-2.53,-6.48,-6.91,-5.31
2B6G,218.87,-1096.54,12,3,5560.8,3886,7.52,2B6G,-56.399,2B6G,-1.86,-4.29,-5.12,-3.76
2BNW,352.82,-954.39,7.5,7,4907.8,12498.5,7.7,2BNW,-90.387,2BNW,-19.11,-17.85,-30.77,-22.58
2BNZ,143.07,-875.79,4,4,5025.6,8405.7,7.7,2BNZ,-82.413,2BNZ,-10.31,-9.48,-17.61,-12.47
2BSQ,36.52,-337.07,3,1,8444,13413.3,8.35,2BSQ,-18.973,2BSQ,-29.74,-33.01,-45.83,-36.19
2C7A,421.32,-1484.05,20,14,5625.5,6827.1,6.88,2C7A,-169.092,2C7A,-4.95,-4.3,-10.56,-6.6
2CAX,147.08,-882.37,3.5,4,5353.5,12539.1,7.4,2CAX,-76.077,2CAX,-19.68,-18.66,-31.38,-23.24
2CCZ,431.79,-986.78,9,7,8864.1,4313.5,7,2CCZ,-92.984,2CCZ,0.81,2.32,-1.45,0.56
2ERE,573.8,-1359.05,23,13,4891.7,5708.7,7.52,2ERE,-194.795,2ERE,-2.59,-2.87,-7.38,-4.28
2ERG,553.57,-1301.9,18.5,13,5079.2,5734.1,7.6,2ERG,-181.807,2ERG,-2.89,-2.93,-7.71,-4.51
2ES2,893.16,-853,14,9,4461.7,1447.4,6.49,2ES2,-133.928,2ES2,5.45,6.75,4.46,5.55
2F4V,471,-3548.95,24,14,13984.9,215240.8,5.66,2F4V,-124.31,2F4V,-13.14,-22.18,-23.07,-19.47
2F8K,211.54,-870.72,8.5,8,5125.9,2956.3,7.6,2F8K,-96.274,2F8K,0.62,-1.07,-1.87,-0.77
2FR4,356.67,-514.27,3,2,11426,4441.8,5.4,2FR4,-60.512,2FR4,-1.82,-0.88,-5.07,-2.59
2GE5,651.29,-2305.7,30.5,17,11430.7,4428.9,6.42,2GE5,-229.872,2GE5,2.07,2.31,-1.14,1.08
2GJE,133.21,-830.24,9.5,3,9581.3,4775.9,8.15,2GJE,-40.723,2GJE,-0.85,-3.24,-3.66,-2.58
2GKD,301.88,-1667,29.5,3,8045.1,4324.4,4.85,2GKD,-54.87,2GKD,-2.13,-1.51,-5.86,-3.17
2GLO,711.13,-3544.49,49.5,27,4460.8,4796.9,7.52,2GLO,-191.357,2GLO,0.85,0.71,-2.96,-0.47
2H1K,463.59,-1735.26,23,19,4510.4,11567.8,8.92,2H1K,-186.104,2H1K,-12.72,-11.44,-22.3,-15.49
2HDD,413.68,-1455.91,18,20,4375.2,7896.1,11.06,2HDD,-171.101,2HDD,-6.9,-5.94,-13.76,-8.87
2HOS,265.29,-1292,12,13,4398.8,7851.4,8.82,2HOS,-126.622,2HOS,-8,-7.16,-14.86,-10.01
2HOT,239.47,-1245.27,13.5,10,4211.6,7907.4,8.82,2HOT,-116.853,2HOT,-8.2,-7.53,-15.17,-10.3
2HVI,1725.01,-4157.93,62,31,28332.2,8563.5,4.75,2HVI,-532.261,2HVI,1.74,1.97,-4.43,-0.24
2I91,1347.29,-4332.74,46.5,29,23734.9,9370.2,7.59,2I91,-417.517,2I91,-0.54,-5.86,-7.51,-4.63
2IBS,1110.49,-3264.87,33.5,21,19181.8,7860.5,6.3,2IBS,-380.741,2IBS,1.03,1.82,-3.82,-0.32
2IBT,1048.94,-3025.37,35,22,19092.6,7884.3,6.3,2IBT,-362.397,2IBT,1.31,2.11,-3.08,0.12
2IRF,230.96,-691.62,6.5,3,6698,14046.3,6.77,2IRF,-56.629,2IRF,-18.27,-16.66,-29.09,-21.34
2ISP,1190.9,-3135.22,44,24,17397,6105.2,6.12,2ISP,-344.938,2ISP,1.03,1.58,-3.74,-0.38
2JPP,1111.53,-3554.72,48,21,5300.9,8426.7,7.07,2JPP,-305.364,2JPP,-3.92,-9.86,-10.38,-8.05
2JXI,226.9,-889.27,12.5,6,4580,5285.8,6.47,2JXI,-74.445,2JXI,-3.97,-3.49,-8.51,-5.33
2K7F,551.83,-3017.18,44.5,24,7140.2,4838.9,8,2K7F,-183.333,2K7F,0.22,-0.74,-3.37,-1.3
2KDZ,602.08,-3901.75,69,32,9077.3,5889.4,8.91,2KDZ,-246.24,2KDZ,-0.85,-0.84,-5.73,-2.47
2KEK,882.81,-3581.15,59.5,27,5143.7,8649.3,7,2KEK,-254.077,2KEK,-6.19,-6.25,-13.96,-8.8
2KKF,753.41,-4195.64,55.5,15,4754,4721.6,4.36,2KKF,-224.214,2KKF,1.41,0.29,-2.4,-0.24
2KO0,946.46,-3785.29,61.5,17,6170.1,6176.7,6.32,2KO0,-267.795,2KO0,-1.03,-1.37,-6.3,-2.9
2L2K,699.12,-3307.23,62,17,5145.2,7848.4,6.48,2L2K,-264.443,2L2K,-2.74,-6.83,-8.2,-5.92
2L3C,522.63,-2578.74,41.5,12,5255.1,6385.6,6.48,2L3C,-156.307,2L3C,-4.92,-9.49,-10.72,-8.38
2LBS,510.8,-2903.61,46,6,6494.6,6288,4.47,2LBS,-117.86,2LBS,-4.42,-9.03,-9.95,-7.8
2LD5,1292.01,-2239.07,66.5,29,6211.4,4365.5,8.12,2LD5,-344.339,2LD5,4.02,4.03,0.73,2.92
2LEB,1573.53,-3026.37,41.5,27,7165.1,1902.8,6.66,2LEB,-325.644,2LEB,9.17,8.67,8.43,8.76
2LEC,1479.04,-3033.9,41,18,7406.8,1910.5,6.66,2LEC,-294.037,2LEC,8.31,7.94,7.49,7.91
2LEV,511.84,-1785.73,37,11,4747.5,5836.4,5.96,2LEV,-168.989,2LEV,-3.65,-2.57,-8.67,-4.96
2LI8,1445.38,-2912.78,47.5,30,5836,2249.1,9.8,2LI8,-306.635,2LI8,8.37,7.87,7.4,7.88
2NOE,820.62,-2237.65,25,19,14001.4,5164.7,7.82,2NOE,-241.144,2NOE,0.71,1.11,-3.26,-0.48
2NP2,1196.7,-2863.74,55.5,22,9201,13011.5,7.26,2NP2,-331.557,2NP2,-13.86,-11.77,-25.8,-17.14
2NQ9,976.28,-2473.9,32.5,18,11777.8,4420.1,6.94,2NQ9,-321.564,2NQ9,3.3,4.26,0.05,2.53
2NQJ,1050.62,-2678.35,38.5,19,11694.2,5865.2,6.94,2NQJ,-333.083,2NQJ,0.87,1.06,-3.76,-0.61
2NTC,583.54,-1615.72,14.5,19,7098.4,7863.1,7.22,2NTC,-223.126,2NTC,-6.28,-5.98,-13.11,-8.46
2NTZ,177.19,-1224.41,5.5,8,14290,12450.6,7.31,2NTZ,-70.355,2NTZ,-16.58,-16.24,-26.89,-19.9
2O6M,538.39,-2365.54,24,20,10388.5,8200.2,7.89,2O6M,-224.387,2O6M,-5.12,-4.66,-11.74,-7.17
2O8K,534.09,-2702.99,35.5,13,4676.3,5622.4,6.94,2O8K,-116.489,2O8K,-2.09,-2.39,-6.46,-3.65
2O9L,597.03,-2213.33,42.5,16,4842.6,5672,6.94,2O9L,-204.042,2O9L,-1.18,-1.16,-5.43,-2.59
2P7C,1084.55,-4518.29,54.5,27,5925.3,4687.8,3.72,2P7C,-257.416,2P7C,2.56,2.52,-1.23,1.28
2PI5,1645.89,-4249.09,46,32,40030.4,6674.6,6.2,2PI5,-541.908,2PI5,4.38,4.64,-0.32,2.9
2Q2K,75.78,-455.51,7.5,8,4845.3,4699.5,7.76,2Q2K,-49.166,2Q2K,-1.35,-0.75,-4.21,-2.1
2R5Y,570.01,-1900.92,28,23,6869.2,7651.2,7.99,2R5Y,-194.746,2R5Y,-5.06,-4.79,-11.45,-7.1
2R5Z,829.73,-2184.03,39,18,7067.8,7520.4,8.06,2R5Z,-258.563,2R5Z,-3.93,-3.5,-10.38,-5.94
2R8S,773.13,-2105.09,26.5,19,11247.4,26020.8,7.29,2R8S,-239.957,2R8S,-2.63,-7.42,-8.07,-6.04
2RBF,395.23,-1006.49,12,8,4289.2,7132.1,6.68,2RBF,-139.377,2RBF,-6.43,-6.36,-12.27,-8.35
2RQC,1352.92,-2521.34,34.5,20,8011.8,2027,5.72,2RQC,-277.372,2RQC,7.73,7.31,6.8,7.28
2VLA,1071.54,-3219.25,39.5,32,13510,4635.1,8.14,2VLA,-352.911,2VLA,4.18,3.42,0.79,2.8
2VPL,1266.02,-3111.19,37.5,18,8118,17422.6,7.34,2VPL,-369.197,2VPL,-33.91,-55.1,-55.5,-48.17
2VY1,283.65,-1035.47,5.5,12,9505.8,4730.8,7.02,2VY1,-123.996,2VY1,-2.19,2.3,-6,-1.96
2VYE,39.43,-229.95,2.5,3,25519.1,2990.5,7.33,2VYE,-13.313,2VYE,0.88,2.08,-0.42,0.85
2W42,1297.23,-2348.82,25,21,18137.8,5386.8,7.53,2W42,-299.509,2W42,3.33,3.8,-0.09,2.35
2W7N,918.69,-2875.04,27,18,7356.7,7053.4,7.63,2W7N,-346.02,2W7N,-9.79,11.6,-19.74,-5.98
2W8L,1015.06,-3341.24,43.5,18,17962.1,5862.1,4.54,2W8L,-372.017,2W8L,3,4.88,-1.14,2.25
2X6V,957.95,-1826.68,31.5,9,10317.7,4194.8,6.96,2X6V,-203.083,2X6V,1.46,1.82,-1.84,0.48
2XC7,1016.26,-1365.69,20,9,7951.5,1387.9,5.19,2XC7,-118.555,2XC7,6.34,5.93,5.8,6.03
2XE0,1342.43,-2912.46,40,21,8685.6,8949.1,7.55,2XE0,-269.83,2XE0,-3.67,-4.25,-10.94,-6.29
2XFM,1082.29,648.36,63,11,8641.8,2903.4,6.05,2XFM,92.419,2XFM,4.89,7.64,2.53,5.02
2XHI,819.02,-2273.32,28.5,20,14812,5587.7,9.77,2XHI,-226.001,2XHI,-0.23,0.18,-4.58,-1.54
2XRZ,604.49,-2042.05,21.5,8,20193.9,9913.4,7.36,2XRZ,-175.689,2XRZ,-7.99,-8.56,-15.29,-10.61
2XS2,1066.88,-1212.15,15,12,6180.2,1832.2,7.42,2XS2,-196.879,2XS2,6.03,5.35,4.94,5.44
2XZL,1069.23,-2568.57,24,17,33797.2,2202.7,6.69,2XZL,-316.997,2XZL,8.08,7.91,6.88,7.62
2YH1,1407.84,-3228.43,43.5,16,12604,2826.4,5.88,2YH1,-234.555,2YH1,7.47,6.46,6.03,6.65
3AAF,824.83,-1370.33,17.5,10,6657.2,5764.4,6.6,3AAF,-216.501,3AAF,-1.87,-1.11,-6.44,-3.14
3ADB,774.61,-3592.53,29,19,16983,31968,7.41,3ADB,-271.174,3ADB,-78.98,-119.19,-121.61,-106.59
3AM1,960.44,-3040.04,24,25,14358.9,13696.2,7.41,3AM1,-284.193,3AM1,-28.43,-45.95,-47,-40.46
3BEP,267.12,-1267.94,6.5,1,18045.3,5053.2,6.92,3BEP,-63.911,3BEP,-3.18,-2.07,-7.28,-4.18
3BRD,863.59,-2258.86,30.5,17,21722.8,5902.1,7.49,3BRD,-229.014,3BRD,-0.89,-0.8,-5.47,-2.38
3BRG,905.81,-2241.61,30.5,13,21864.7,5924.9,7.22,3BRG,-243.687,3BRG,-1.1,-1.01,-5.83,-2.65
3BS1,472.04,-1564.57,20.5,16,6568.9,6237.3,7.1,3BS1,-159.757,3BS1,-2.34,-1.42,-6.88,-3.55
3BSU,600.24,-1079.85,20.5,3,3532,8641.4,6.7,3BSU,-150.434,3BSU,-8.91,-9.36,-16.23,-11.5
3BSX,1647.63,-2562.95,25.5,29,16682.5,6296.4,8.55,3BSX,-346.578,3BSX,5.96,3.91,3.02,4.29
3BX2,1579.29,-2326.67,24.5,26,15636.8,5751.4,7.87,3BX2,-305.157,3BX2,5.27,3.1,2.52,3.63
3BX3,1653.99,-2286.9,20.5,22,15887.6,5622,7.24,3BX3,-305.535,3BX3,5.72,3.31,3.25,4.09
3CO6,604.26,-1875.92,19,13,5604,6117.6,6.89,3CO6,-181.345,3CO6,-2.94,-3.03,-7.66,-4.55
